# Which update RELEASING.md's policy allows, the one table both of its implementations are tested
# against: update.sh's version_cmp and breaking (deploy/update-test.sh) and the updater's
# judgeUpdate (packages/updater/src/policy.test.ts). update.sh stays usable on a host without
# Node, and the updater answers GET /status and refuses POST /update without running a script, so
# each keeps its own few lines; a row here holds both to the same answer. Not in the bundle.
#
# from	to	verdict: same | older (both refused as not newer) | update | breaking
0.0.6	0.0.6	same
1.2.3	1.2.3	same
0.0.6	0.0.5	older
0.1.0	0.0.9	older
1.0.0	0.9.9	older
2.0.0	1.9.9	older
1.10.0	1.9.0	older
0.0.5	0.0.6	update
0.0.5	0.0.7	update
0.0.9	0.0.10	update
0.1.0	0.1.1	update
1.2.3	1.2.4	update
1.2.3	1.3.0	update
1.9.9	1.10.0	update
1.2.3	1.12.0	update
0.0.6	0.1.0	breaking
0.1.3	0.2.0	breaking
0.9.0	1.0.0	breaking
0.0.6	1.0.0	breaking
1.9.0	2.0.0	breaking
1.2.3	3.0.0	breaking
